[{"model": "admin.logentry", "pk": 1, "fields": {"action_time": "2021-01-24T05:56:06.410Z", "user": 1, "content_type": 8, "object_id": "1", "object_repr": "二手交易", "action_flag": 1, "change_message": "[{\"added\": {}}]"}}, {"model": "admin.logentry", "pk": 2, "fields": {"action_time": "2021-01-24T05:56:27.605Z", "user": 1, "content_type": 8, "object_id": "2", "object_repr": "考研保研", "action_flag": 1, "change_message": "[{\"added\": {}}]"}}, {"model": "admin.logentry", "pk": 3, "fields": {"action_time": "2021-01-24T05:56:52.451Z", "user": 1, "content_type": 8, "object_id": "3", "object_repr": "恋爱八卦", "action_flag": 1, "change_message": "[{\"added\": {}}]"}}, {"model": "admin.logentry", "pk": 4, "fields": {"action_time": "2021-01-24T05:57:01.938Z", "user": 1, "content_type": 8, "object_id": "4", "object_repr": "就业创业", "action_flag": 1, "change_message": "[{\"added\": {}}]"}}, {"model": "admin.logentry", "pk": 5, "fields": {"action_time": "2021-01-24T05:58:23.011Z", "user": 1, "content_type": 7, "object_id": "1", "object_repr": "测试标题", "action_flag": 1, "change_message": "[{\"added\": {}}]"}}, {"model": "admin.logentry", "pk": 6, "fields": {"action_time": "2021-01-24T05:59:05.528Z", "user": 1, "content_type": 7, "object_id": "2", "object_repr": "爱屋及乌", "action_flag": 1, "change_message": "[{\"added\": {}}]"}}, {"model": "admin.logentry", "pk": 7, "fields": {"action_time": "2021-01-24T05:59:33.252Z", "user": 1, "content_type": 7, "object_id": "3", "object_repr": "百年未有之大变局", "action_flag": 1, "change_message": "[{\"added\": {}}]"}}, {"model": "admin.logentry", "pk": 8, "fields": {"action_time": "2021-01-24T06:00:09.449Z", "user": 1, "content_type": 7, "object_id": "4", "object_repr": "建党100周年", "action_flag": 1, "change_message": "[{\"added\": {}}]"}}, {"model": "admin.logentry", "pk": 9, "fields": {"action_time": "2021-01-27T07:10:02.396Z", "user": 1, "content_type": 9, "object_id": "1", "object_repr": "ReadNum object (1)", "action_flag": 1, "change_message": "[{\"added\": {}}]"}}, {"model": "admin.logentry", "pk": 10, "fields": {"action_time": "2021-01-27T08:59:36.791Z", "user": 1, "content_type": 10, "object_id": "1", "object_repr": "ReadNum object (1)", "action_flag": 1, "change_message": "[{\"added\": {}}]"}}, {"model": "admin.logentry", "pk": 11, "fields": {"action_time": "2021-01-27T11:27:07.762Z", "user": 1, "content_type": 11, "object_id": "2", "object_repr": "ReadDetail object (2)", "action_flag": 1, "change_message": "[{\"added\": {}}]"}}, {"model": "admin.logentry", "pk": 12, "fields": {"action_time": "2021-02-01T17:50:06.701Z", "user": 1, "content_type": 12, "object_id": "26", "object_repr": "me too", "action_flag": 1, "change_message": "[{\"added\": {}}]"}}, {"model": "admin.logentry", "pk": 13, "fields": {"action_time": "2021-02-02T06:31:10.574Z", "user": 1, "content_type": 12, "object_id": "27", "object_repr": "我也是", "action_flag": 1, "change_message": "[{\"added\": {}}]"}}, {"model": "admin.logentry", "pk": 14, "fields": {"action_time": "2021-02-02T06:31:28.416Z", "user": 1, "content_type": 12, "object_id": "26", "object_repr": "me too", "action_flag": 2, "change_message": "[{\"changed\": {\"fields\": [\"Parent\"]}}]"}}, {"model": "admin.logentry", "pk": 15, "fields": {"action_time": "2021-02-02T06:34:45.409Z", "user": 1, "content_type": 12, "object_id": "27", "object_repr": "我也是", "action_flag": 2, "change_message": "[{\"changed\": {\"fields\": [\"Children\"]}}]"}}, {"model": "admin.logentry", "pk": 16, "fields": {"action_time": "2021-02-02T06:34:48.483Z", "user": 1, "content_type": 12, "object_id": "27", "object_repr": "我也是", "action_flag": 2, "change_message": "[]"}}, {"model": "admin.logentry", "pk": 17, "fields": {"action_time": "2021-02-02T06:34:56.782Z", "user": 1, "content_type": 12, "object_id": "26", "object_repr": "me too", "action_flag": 2, "change_message": "[{\"changed\": {\"fields\": [\"Children\"]}}]"}}, {"model": "admin.logentry", "pk": 18, "fields": {"action_time": "2021-02-02T10:04:24.670Z", "user": 1, "content_type": 7, "object_id": "38", "object_repr": "新标题", "action_flag": 1, "change_message": "[{\"added\": {}}]"}}, {"model": "admin.logentry", "pk": 19, "fields": {"action_time": "2021-02-02T10:30:12.521Z", "user": 1, "content_type": 7, "object_id": "39", "object_repr": "不好笑", "action_flag": 1, "change_message": "[{\"added\": {}}]"}}, {"model": "admin.logentry", "pk": 20, "fields": {"action_time": "2021-02-03T18:12:51.696Z", "user": 1, "content_type": 17, "object_id": "1", "object_repr": "<custom_user dwjm for UIBE>", "action_flag": 1, "change_message": "[{\"added\": {}}]"}}, {"model": "admin.logentry", "pk": 21, "fields": {"action_time": "2021-02-05T08:16:31.415Z", "user": 1, "content_type": 4, "object_id": "11", "object_repr": "cbx2", "action_flag": 3, "change_message": ""}}, {"model": "admin.logentry", "pk": 22, "fields": {"action_time": "2021-02-05T08:16:48.973Z", "user": 1, "content_type": 4, "object_id": "1", "object_repr": "UIBE", "action_flag": 2, "change_message": "[{\"changed\": {\"fields\": [\"Email address\", \"Last login\"]}}]"}}, {"model": "admin.logentry", "pk": 23, "fields": {"action_time": "2021-02-05T08:43:52.551Z", "user": 1, "content_type": 4, "object_id": "12", "object_repr": "cbx2", "action_flag": 3, "change_message": ""}}, {"model": "admin.logentry", "pk": 24, "fields": {"action_time": "2021-02-05T08:44:07.485Z", "user": 1, "content_type": 4, "object_id": "1", "object_repr": "UIBE", "action_flag": 2, "change_message": "[{\"changed\": {\"fields\": [\"Email address\", \"Last login\"]}}]"}}, {"model": "admin.logentry", "pk": 25, "fields": {"action_time": "2021-02-05T08:50:33.960Z", "user": 1, "content_type": 4, "object_id": "13", "object_repr": "cbx2", "action_flag": 3, "change_message": ""}}, {"model": "admin.logentry", "pk": 26, "fields": {"action_time": "2021-02-05T09:50:27.469Z", "user": 1, "content_type": 4, "object_id": "14", "object_repr": "cbx2", "action_flag": 3, "change_message": ""}}, {"model": "admin.logentry", "pk": 27, "fields": {"action_time": "2021-02-07T09:51:57.979Z", "user": 1, "content_type": 18, "object_id": "1", "object_repr": "Heart object (1)", "action_flag": 1, "change_message": "[{\"added\": {}}]"}}, {"model": "admin.logentry", "pk": 28, "fields": {"action_time": "2021-02-07T10:02:15.328Z", "user": 1, "content_type": 18, "object_id": "2", "object_repr": "Heart object (2)", "action_flag": 1, "change_message": "[{\"added\": {}}]"}}, {"model": "admin.logentry", "pk": 29, "fields": {"action_time": "2021-02-07T10:02:52.139Z", "user": 1, "content_type": 18, "object_id": "3", "object_repr": "Heart object (3)", "action_flag": 1, "change_message": "[{\"added\": {}}]"}}, {"model": "admin.logentry", "pk": 30, "fields": {"action_time": "2021-02-07T10:03:04.747Z", "user": 1, "content_type": 18, "object_id": "4", "object_repr": "Heart object (4)", "action_flag": 1, "change_message": "[{\"added\": {}}]"}}, {"model": "admin.logentry", "pk": 31, "fields": {"action_time": "2021-02-07T10:06:04.654Z", "user": 1, "content_type": 18, "object_id": "5", "object_repr": "Heart object (5)", "action_flag": 1, "change_message": "[{\"added\": {}}]"}}, {"model": "admin.logentry", "pk": 32, "fields": {"action_time": "2021-02-07T10:08:25.602Z", "user": 1, "content_type": 19, "object_id": "1", "object_repr": "Heart_Favor object (1)", "action_flag": 1, "change_message": "[{\"added\": {}}]"}}, {"model": "admin.logentry", "pk": 33, "fields": {"action_time": "2021-02-07T10:08:41.472Z", "user": 1, "content_type": 19, "object_id": "2", "object_repr": "Heart_Favor object (2)", "action_flag": 1, "change_message": "[{\"added\": {}}]"}}, {"model": "auth.permission", "pk": 1, "fields": {"name": "Can add log entry", "content_type": 1, "codename": "add_logentry"}}, {"model": "auth.permission", "pk": 2, "fields": {"name": "Can change log entry", "content_type": 1, "codename": "change_logentry"}}, {"model": "auth.permission", "pk": 3, "fields": {"name": "Can delete log entry", "content_type": 1, "codename": "delete_logentry"}}, {"model": "auth.permission", "pk": 4, "fields": {"name": "Can view log entry", "content_type": 1, "codename": "view_logentry"}}, {"model": "auth.permission", "pk": 5, "fields": {"name": "Can add permission", "content_type": 2, "codename": "add_permission"}}, {"model": "auth.permission", "pk": 6, "fields": {"name": "Can change permission", "content_type": 2, "codename": "change_permission"}}, {"model": "auth.permission", "pk": 7, "fields": {"name": "Can delete permission", "content_type": 2, "codename": "delete_permission"}}, {"model": "auth.permission", "pk": 8, "fields": {"name": "Can view permission", "content_type": 2, "codename": "view_permission"}}, {"model": "auth.permission", "pk": 9, "fields": {"name": "Can add group", "content_type": 3, "codename": "add_group"}}, {"model": "auth.permission", "pk": 10, "fields": {"name": "Can change group", "content_type": 3, "codename": "change_group"}}, {"model": "auth.permission", "pk": 11, "fields": {"name": "Can delete group", "content_type": 3, "codename": "delete_group"}}, {"model": "auth.permission", "pk": 12, "fields": {"name": "Can view group", "content_type": 3, "codename": "view_group"}}, {"model": "auth.permission", "pk": 13, "fields": {"name": "Can add user", "content_type": 4, "codename": "add_user"}}, {"model": "auth.permission", "pk": 14, "fields": {"name": "Can change user", "content_type": 4, "codename": "change_user"}}, {"model": "auth.permission", "pk": 15, "fields": {"name": "Can delete user", "content_type": 4, "codename": "delete_user"}}, {"model": "auth.permission", "pk": 16, "fields": {"name": "Can view user", "content_type": 4, "codename": "view_user"}}, {"model": "auth.permission", "pk": 17, "fields": {"name": "Can add content type", "content_type": 5, "codename": "add_contenttype"}}, {"model": "auth.permission", "pk": 18, "fields": {"name": "Can change content type", "content_type": 5, "codename": "change_contenttype"}}, {"model": "auth.permission", "pk": 19, "fields": {"name": "Can delete content type", "content_type": 5, "codename": "delete_contenttype"}}, {"model": "auth.permission", "pk": 20, "fields": {"name": "Can view content type", "content_type": 5, "codename": "view_contenttype"}}, {"model": "auth.permission", "pk": 21, "fields": {"name": "Can add session", "content_type": 6, "codename": "add_session"}}, {"model": "auth.permission", "pk": 22, "fields": {"name": "Can change session", "content_type": 6, "codename": "change_session"}}, {"model": "auth.permission", "pk": 23, "fields": {"name": "Can delete session", "content_type": 6, "codename": "delete_session"}}, {"model": "auth.permission", "pk": 24, "fields": {"name": "Can view session", "content_type": 6, "codename": "view_session"}}, {"model": "auth.permission", "pk": 25, "fields": {"name": "Can add tie zi", "content_type": 7, "codename": "add_tiezi"}}, {"model": "auth.permission", "pk": 26, "fields": {"name": "Can change tie zi", "content_type": 7, "codename": "change_tiezi"}}, {"model": "auth.permission", "pk": 27, "fields": {"name": "Can delete tie zi", "content_type": 7, "codename": "delete_tiezi"}}, {"model": "auth.permission", "pk": 28, "fields": {"name": "Can view tie zi", "content_type": 7, "codename": "view_tiezi"}}, {"model": "auth.permission", "pk": 29, "fields": {"name": "Can add tie zi_ label", "content_type": 8, "codename": "add_tiezi_label"}}, {"model": "auth.permission", "pk": 30, "fields": {"name": "Can change tie zi_ label", "content_type": 8, "codename": "change_tiezi_label"}}, {"model": "auth.permission", "pk": 31, "fields": {"name": "Can delete tie zi_ label", "content_type": 8, "codename": "delete_tiezi_label"}}, {"model": "auth.permission", "pk": 32, "fields": {"name": "Can view tie zi_ label", "content_type": 8, "codename": "view_tiezi_label"}}, {"model": "auth.permission", "pk": 33, "fields": {"name": "Can add read num", "content_type": 9, "codename": "add_readnum"}}, {"model": "auth.permission", "pk": 34, "fields": {"name": "Can change read num", "content_type": 9, "codename": "change_readnum"}}, {"model": "auth.permission", "pk": 35, "fields": {"name": "Can delete read num", "content_type": 9, "codename": "delete_readnum"}}, {"model": "auth.permission", "pk": 36, "fields": {"name": "Can view read num", "content_type": 9, "codename": "view_readnum"}}, {"model": "auth.permission", "pk": 37, "fields": {"name": "Can add read num", "content_type": 10, "codename": "add_readnum"}}, {"model": "auth.permission", "pk": 38, "fields": {"name": "Can change read num", "content_type": 10, "codename": "change_readnum"}}, {"model": "auth.permission", "pk": 39, "fields": {"name": "Can delete read num", "content_type": 10, "codename": "delete_readnum"}}, {"model": "auth.permission", "pk": 40, "fields": {"name": "Can view read num", "content_type": 10, "codename": "view_readnum"}}, {"model": "auth.permission", "pk": 41, "fields": {"name": "Can add read detail", "content_type": 11, "codename": "add_readdetail"}}, {"model": "auth.permission", "pk": 42, "fields": {"name": "Can change read detail", "content_type": 11, "codename": "change_readdetail"}}, {"model": "auth.permission", "pk": 43, "fields": {"name": "Can delete read detail", "content_type": 11, "codename": "delete_readdetail"}}, {"model": "auth.permission", "pk": 44, "fields": {"name": "Can view read detail", "content_type": 11, "codename": "view_readdetail"}}, {"model": "auth.permission", "pk": 45, "fields": {"name": "Can add comment", "content_type": 12, "codename": "add_comment"}}, {"model": "auth.permission", "pk": 46, "fields": {"name": "Can change comment", "content_type": 12, "codename": "change_comment"}}, {"model": "auth.permission", "pk": 47, "fields": {"name": "Can delete comment", "content_type": 12, "codename": "delete_comment"}}, {"model": "auth.permission", "pk": 48, "fields": {"name": "Can view comment", "content_type": 12, "codename": "view_comment"}}, {"model": "auth.permission", "pk": 49, "fields": {"name": "Can add like record", "content_type": 13, "codename": "add_likerecord"}}, {"model": "auth.permission", "pk": 50, "fields": {"name": "Can change like record", "content_type": 13, "codename": "change_likerecord"}}, {"model": "auth.permission", "pk": 51, "fields": {"name": "Can delete like record", "content_type": 13, "codename": "delete_likerecord"}}, {"model": "auth.permission", "pk": 52, "fields": {"name": "Can view like record", "content_type": 13, "codename": "view_likerecord"}}, {"model": "auth.permission", "pk": 53, "fields": {"name": "Can add dislike record", "content_type": 14, "codename": "add_dislikerecord"}}, {"model": "auth.permission", "pk": 54, "fields": {"name": "Can change dislike record", "content_type": 14, "codename": "change_dislikerecord"}}, {"model": "auth.permission", "pk": 55, "fields": {"name": "Can delete dislike record", "content_type": 14, "codename": "delete_dislikerecord"}}, {"model": "auth.permission", "pk": 56, "fields": {"name": "Can view dislike record", "content_type": 14, "codename": "view_dislikerecord"}}, {"model": "auth.permission", "pk": 57, "fields": {"name": "Can add like count", "content_type": 15, "codename": "add_likecount"}}, {"model": "auth.permission", "pk": 58, "fields": {"name": "Can change like count", "content_type": 15, "codename": "change_likecount"}}, {"model": "auth.permission", "pk": 59, "fields": {"name": "Can delete like count", "content_type": 15, "codename": "delete_likecount"}}, {"model": "auth.permission", "pk": 60, "fields": {"name": "Can view like count", "content_type": 15, "codename": "view_likecount"}}, {"model": "auth.permission", "pk": 61, "fields": {"name": "Can add dis like count", "content_type": 16, "codename": "add_dislikecount"}}, {"model": "auth.permission", "pk": 62, "fields": {"name": "Can change dis like count", "content_type": 16, "codename": "change_dislikecount"}}, {"model": "auth.permission", "pk": 63, "fields": {"name": "Can delete dis like count", "content_type": 16, "codename": "delete_dislikecount"}}, {"model": "auth.permission", "pk": 64, "fields": {"name": "Can view dis like count", "content_type": 16, "codename": "view_dislikecount"}}, {"model": "auth.permission", "pk": 65, "fields": {"name": "Can add custom_user", "content_type": 17, "codename": "add_custom_user"}}, {"model": "auth.permission", "pk": 66, "fields": {"name": "Can change custom_user", "content_type": 17, "codename": "change_custom_user"}}, {"model": "auth.permission", "pk": 67, "fields": {"name": "Can delete custom_user", "content_type": 17, "codename": "delete_custom_user"}}, {"model": "auth.permission", "pk": 68, "fields": {"name": "Can view custom_user", "content_type": 17, "codename": "view_custom_user"}}, {"model": "auth.permission", "pk": 69, "fields": {"name": "Can add heart", "content_type": 18, "codename": "add_heart"}}, {"model": "auth.permission", "pk": 70, "fields": {"name": "Can change heart", "content_type": 18, "codename": "change_heart"}}, {"model": "auth.permission", "pk": 71, "fields": {"name": "Can delete heart", "content_type": 18, "codename": "delete_heart"}}, {"model": "auth.permission", "pk": 72, "fields": {"name": "Can view heart", "content_type": 18, "codename": "view_heart"}}, {"model": "auth.permission", "pk": 73, "fields": {"name": "Can add heart_ favor", "content_type": 19, "codename": "add_heart_favor"}}, {"model": "auth.permission", "pk": 74, "fields": {"name": "Can change heart_ favor", "content_type": 19, "codename": "change_heart_favor"}}, {"model": "auth.permission", "pk": 75, "fields": {"name": "Can delete heart_ favor", "content_type": 19, "codename": "delete_heart_favor"}}, {"model": "auth.permission", "pk": 76, "fields": {"name": "Can view heart_ favor", "content_type": 19, "codename": "view_heart_favor"}}, {"model": "auth.user", "pk": 1, "fields": {"password": "pbkdf2_sha256$216000$m2jxZACDzX9s$8xGjYObTD2MfAdnYdImmxA9cyV5Q22b0w09EhgSC/dM=", "last_login": "2021-02-08T08:28:53.837Z", "is_superuser": true, "username": "UIBE", "first_name": "", "last_name": "", "email": "201701056@uibe.edu.cn", "is_staff": true, "is_active": true, "date_joined": "2021-01-19T13:31:00Z", "groups": [], "user_permissions": []}}, {"model": "auth.user", "pk": 5, "fields": {"password": "pbkdf2_sha256$216000$bFmHlmbZKTV9$ecRyGrtCWQ6zNifgpJ1vxi28Yrv12VM+JufmUkJgCNY=", "last_login": "2021-02-05T17:31:20.646Z", "is_superuser": false, "username": "cbx", "first_name": "", "last_name": "", "email": "2180297171@qq.com", "is_staff": false, "is_active": true, "date_joined": "2021-01-31T12:06:42.195Z", "groups": [], "user_permissions": []}}, {"model": "auth.user", "pk": 15, "fields": {"password": "pbkdf2_sha256$216000$pLCJsx752Cjs$yiZzYBjymuST6C/WKbielrneR1CXC6WU0VWT/TQtu5g=", "last_login": null, "is_superuser": false, "username": "cbx2", "first_name": "", "last_name": "", "email": "cbx2@qq.com", "is_staff": false, "is_active": true, "date_joined": "2021-02-07T09:55:05.898Z", "groups": [], "user_permissions": []}}, {"model": "auth.user", "pk": 16, "fields": {"password": "pbkdf2_sha256$216000$BFIidjow5h1c$Lsc36Ito4H8EHXaCL1MIY7JFVKy2O/AV84UbYWkXPhE=", "last_login": null, "is_superuser": false, "username": "cbx3", "first_name": "", "last_name": "", "email": "cbx3@qq.com", "is_staff": false, "is_active": true, "date_joined": "2021-02-07T09:59:01.657Z", "groups": [], "user_permissions": []}}, {"model": "auth.user", "pk": 17, "fields": {"password": "pbkdf2_sha256$216000$a2p7QarEDDPJ$xw6d26P9p/Wa+VMv3r5O8YEpPCIOd5my/jRFjBi8Jws=", "last_login": "2021-02-07T10:00:15.822Z", "is_superuser": false, "username": "cbx4", "first_name": "", "last_name": "", "email": "cbx4@qq.com", "is_staff": false, "is_active": true, "date_joined": "2021-02-07T10:00:15.167Z", "groups": [], "user_permissions": []}}, {"model": "contenttypes.contenttype", "pk": 1, "fields": {"app_label": "admin", "model": "logentry"}}, {"model": "contenttypes.contenttype", "pk": 2, "fields": {"app_label": "auth", "model": "permission"}}, {"model": "contenttypes.contenttype", "pk": 3, "fields": {"app_label": "auth", "model": "group"}}, {"model": "contenttypes.contenttype", "pk": 4, "fields": {"app_label": "auth", "model": "user"}}, {"model": "contenttypes.contenttype", "pk": 5, "fields": {"app_label": "contenttypes", "model": "contenttype"}}, {"model": "contenttypes.contenttype", "pk": 6, "fields": {"app_label": "sessions", "model": "session"}}, {"model": "contenttypes.contenttype", "pk": 7, "fields": {"app_label": "tiezi", "model": "tiezi"}}, {"model": "contenttypes.contenttype", "pk": 8, "fields": {"app_label": "tiezi", "model": "tiezi_label"}}, {"model": "contenttypes.contenttype", "pk": 9, "fields": {"app_label": "tiezi", "model": "readnum"}}, {"model": "contenttypes.contenttype", "pk": 10, "fields": {"app_label": "read_statistics", "model": "readnum"}}, {"model": "contenttypes.contenttype", "pk": 11, "fields": {"app_label": "read_statistics", "model": "readdetail"}}, {"model": "contenttypes.contenttype", "pk": 12, "fields": {"app_label": "comment", "model": "comment"}}, {"model": "contenttypes.contenttype", "pk": 13, "fields": {"app_label": "feedback", "model": "likerecord"}}, {"model": "contenttypes.contenttype", "pk": 14, "fields": {"app_label": "feedback", "model": "dislikerecord"}}, {"model": "contenttypes.contenttype", "pk": 15, "fields": {"app_label": "feedback", "model": "likecount"}}, {"model": "contenttypes.contenttype", "pk": 16, "fields": {"app_label": "feedback", "model": "dislikecount"}}, {"model": "contenttypes.contenttype", "pk": 17, "fields": {"app_label": "user", "model": "custom_user"}}, {"model": "contenttypes.contenttype", "pk": 18, "fields": {"app_label": "heart_favor", "model": "heart"}}, {"model": "contenttypes.contenttype", "pk": 19, "fields": {"app_label": "heart_favor", "model": "heart_favor"}}, {"model": "sessions.session", "pk": "2vutvw3tz3b27soim0xmtgbkqjqara6u", "fields": {"session_data": "e30:1l6A0E:tDvX22-RMqgllb3fAcHpVe0-dpSNBCaT21KgB8KujoU", "expire_date": "2021-02-14T10:30:46.816Z"}}, {"model": "sessions.session", "pk": "3619jbwhb6funnr9y71op4dueeel9qjo", "fields": {"session_data": "e30:1l6BUK:xcLz6GWPcLdTACe2pyEMrn2vzam94I9APQOv63vXlDE", "expire_date": "2021-02-14T12:05:56.440Z"}}, {"model": "sessions.session", "pk": "79snix0rjfh652wd04ex6a87jmp7fz96", "fields": {"session_data": "e30:1l6AAn:Pf6uBEz-GcJFETXyev2DLhLQ1aS445BU51ik-aklD8c", "expire_date": "2021-02-14T10:41:41.556Z"}}, {"model": "sessions.session", "pk": "d8unx2204syts2ijm29bxzklxbun1671", "fields": {"session_data": ".eJxVjDsOwjAQBe_iGlnrjWN7Kek5g7X-4QBypDipEHeHSCmgfTPzXsLztla_9bz4KYmzUOL0uwWOj9x2kO7cbrOMc1uXKchdkQft8jqn_Lwc7t9B5V6_tXUGAc1oIiFQcClDDEBKF0gqu0HbQkCoSgmMoNEMo0GykJjRaEvi_QGyiTaE:1l6BYq:d_9Dgdr_RSdEew5buMVmFEljsG-VTs2A3mT_x3R2AA0", "expire_date": "2021-02-14T12:10:36.850Z"}}, {"model": "sessions.session", "pk": "xe9fevlvtx4hpij3nv9656u9hhmxkj7d", "fields": {"session_data": "e30:1l6A8j:CfMYXp4LOFDnM7mb9ZuIMdBEK92S17yYJqrG6M5IvDE", "expire_date": "2021-02-14T10:39:33.170Z"}}, {"model": "sessions.session", "pk": "xmgqz6lpi2oy3354vpsqlk9mxidpehz4", "fields": {"session_data": ".eJxVjDsOwjAQBe_iGlnrjWN7Kek5g7X-4QBypDipEHeHSCmgfTPzXsLztla_9bz4KYmzUOL0uwWOj9x2kO7cbrOMc1uXKchdkQft8jqn_Lwc7t9B5V6_tXUGAc1oIiFQcClDDEBKF0gqu0HbQkCoSgmMoNEMo0GykJjRaEvi_QGyiTaE:1l5Qc9:RwpvsGGRYF-QG7-SyRi7tVCrNeduDAzmWIBi6TunHG4", "expire_date": "2021-02-12T10:02:53.901Z"}}, {"model": "tiezi.tiezi_label", "pk": 1, "fields": {"name": "二手交易"}}, {"model": "tiezi.tiezi_label", "pk": 2, "fields": {"name": "考研保研"}}, {"model": "tiezi.tiezi_label", "pk": 3, "fields": {"name": "恋爱八卦"}}, {"model": "tiezi.tiezi_label", "pk": 4, "fields": {"name": "就业创业"}}, {"model": "tiezi.tiezi", "pk": 1, "fields": {"title": "测试标题", "tiezi_label": 1, "content": "测试内容", "author": 1, "created_time": "2021-01-24T05:58:23.009Z", "last_altered_time": "2021-01-24T05:58:23.009Z"}}, {"model": "tiezi.tiezi", "pk": 2, "fields": {"title": "爱屋及乌", "tiezi_label": 2, "content": "心有灵犀", "author": 1, "created_time": "2021-01-24T05:59:05.526Z", "last_altered_time": "2021-01-24T05:59:05.526Z"}}, {"model": "tiezi.tiezi", "pk": 3, "fields": {"title": "百年未有之大变局", "tiezi_label": 3, "content": "后疫情时代", "author": 1, "created_time": "2021-01-24T05:59:33.249Z", "last_altered_time": "2021-01-24T05:59:33.249Z"}}, {"model": "tiezi.tiezi", "pk": 4, "fields": {"title": "建党100周年", "tiezi_label": 4, "content": "全面小康", "author": 1, "created_time": "2021-01-24T06:00:09.446Z", "last_altered_time": "2021-01-24T06:00:09.446Z"}}, {"model": "tiezi.tiezi", "pk": 5, "fields": {"title": "充数的", "tiezi_label": 1, "content": "充数的", "author": 1, "created_time": "2021-01-24T08:00:08.123Z", "last_altered_time": null}}, {"model": "tiezi.tiezi", "pk": 6, "fields": {"title": "充数的", "tiezi_label": 1, "content": "充数的", "author": 1, "created_time": "2021-01-24T08:00:08.123Z", "last_altered_time": null}}, {"model": "tiezi.tiezi", "pk": 7, "fields": {"title": "充数的", "tiezi_label": 1, "content": "充数的", "author": 1, "created_time": "2021-01-24T08:00:08.123Z", "last_altered_time": null}}, {"model": "tiezi.tiezi", "pk": 8, "fields": {"title": "充数的", "tiezi_label": 1, "content": "充数的", "author": 1, "created_time": "2021-01-24T08:00:08.123Z", "last_altered_time": null}}, {"model": "tiezi.tiezi", "pk": 9, "fields": {"title": "充数的", "tiezi_label": 2, "content": "充数的", "author": 1, "created_time": "2021-01-24T08:00:08.123Z", "last_altered_time": null}}, {"model": "tiezi.tiezi", "pk": 10, "fields": {"title": "充数的", "tiezi_label": 2, "content": "充数的", "author": 1, "created_time": "2021-01-24T08:00:08.123Z", "last_altered_time": null}}, {"model": "tiezi.tiezi", "pk": 11, "fields": {"title": "充数的", "tiezi_label": 2, "content": "充数的", "author": 1, "created_time": "2021-01-24T08:00:08.123Z", "last_altered_time": null}}, {"model": "tiezi.tiezi", "pk": 12, "fields": {"title": "充数的", "tiezi_label": 2, "content": "充数的", "author": 1, "created_time": "2021-01-24T08:00:08.123Z", "last_altered_time": null}}, {"model": "tiezi.tiezi", "pk": 13, "fields": {"title": "充数的", "tiezi_label": 3, "content": "充数的", "author": 1, "created_time": "2021-01-24T08:00:08.123Z", "last_altered_time": null}}, {"model": "tiezi.tiezi", "pk": 14, "fields": {"title": "充数的", "tiezi_label": 3, "content": "充数的", "author": 1, "created_time": "2021-01-24T08:00:08.123Z", "last_altered_time": null}}, {"model": "tiezi.tiezi", "pk": 15, "fields": {"title": "充数的", "tiezi_label": 3, "content": "充数的", "author": 1, "created_time": "2021-01-24T08:00:08.123Z", "last_altered_time": null}}, {"model": "tiezi.tiezi", "pk": 16, "fields": {"title": "充数的", "tiezi_label": 3, "content": "充数的", "author": 1, "created_time": "2021-01-24T08:00:08.123Z", "last_altered_time": null}}, {"model": "tiezi.tiezi", "pk": 17, "fields": {"title": "充数的", "tiezi_label": 4, "content": "充数的", "author": 1, "created_time": "2021-01-24T08:00:08.123Z", "last_altered_time": null}}, {"model": "tiezi.tiezi", "pk": 18, "fields": {"title": "充数的", "tiezi_label": 4, "content": "充数的", "author": 1, "created_time": "2021-01-24T08:00:08.123Z", "last_altered_time": null}}, {"model": "tiezi.tiezi", "pk": 19, "fields": {"title": "充数的", "tiezi_label": 4, "content": "充数的", "author": 1, "created_time": "2021-01-24T08:00:08.123Z", "last_altered_time": null}}, {"model": "tiezi.tiezi", "pk": 20, "fields": {"title": "充数的", "tiezi_label": 4, "content": "充数的", "author": 1, "created_time": "2021-01-24T08:00:08.123Z", "last_altered_time": null}}, {"model": "tiezi.tiezi", "pk": 21, "fields": {"title": "充数的", "tiezi_label": 4, "content": "充数的", "author": 1, "created_time": "2021-01-24T08:00:08.123Z", "last_altered_time": null}}, {"model": "tiezi.tiezi", "pk": 22, "fields": {"title": "充数的", "tiezi_label": 4, "content": "充数的", "author": 1, "created_time": "2021-01-24T08:00:08.123Z", "last_altered_time": null}}, {"model": "tiezi.tiezi", "pk": 23, "fields": {"title": "充数的", "tiezi_label": 3, "content": "充数的", "author": 1, "created_time": "2021-01-24T08:00:08.123Z", "last_altered_time": null}}, {"model": "tiezi.tiezi", "pk": 24, "fields": {"title": "充数的", "tiezi_label": 3, "content": "充数的", "author": 1, "created_time": "2021-01-24T08:00:08.123Z", "last_altered_time": null}}, {"model": "tiezi.tiezi", "pk": 25, "fields": {"title": "充数的", "tiezi_label": 3, "content": "充数的", "author": 1, "created_time": "2021-01-24T08:00:08.123Z", "last_altered_time": null}}, {"model": "tiezi.tiezi", "pk": 26, "fields": {"title": "充数的", "tiezi_label": 3, "content": "充数的", "author": 1, "created_time": "2021-01-24T08:00:08.123Z", "last_altered_time": null}}, {"model": "tiezi.tiezi", "pk": 27, "fields": {"title": "充数的", "tiezi_label": 3, "content": "充数的", "author": 1, "created_time": "2021-01-24T08:00:08.123Z", "last_altered_time": null}}, {"model": "tiezi.tiezi", "pk": 30, "fields": {"title": "充数的", "tiezi_label": 1, "content": "充数的", "author": 1, "created_time": "2021-02-02T08:00:20.123Z", "last_altered_time": null}}, {"model": "tiezi.tiezi", "pk": 31, "fields": {"title": "充数的", "tiezi_label": 1, "content": "充数的", "author": 1, "created_time": "2021-02-01T08:00:19.123Z", "last_altered_time": null}}, {"model": "tiezi.tiezi", "pk": 32, "fields": {"title": "充数的", "tiezi_label": 1, "content": "充数的", "author": 1, "created_time": "2021-01-24T08:00:18.123Z", "last_altered_time": null}}, {"model": "tiezi.tiezi", "pk": 33, "fields": {"title": "充数的", "tiezi_label": 2, "content": "充数的", "author": 1, "created_time": "2021-01-29T08:00:13.123Z", "last_altered_time": null}}, {"model": "tiezi.tiezi", "pk": 34, "fields": {"title": "充数的", "tiezi_label": 2, "content": "充数的", "author": 1, "created_time": "2021-01-28T08:00:11.123Z", "last_altered_time": null}}, {"model": "tiezi.tiezi", "pk": 35, "fields": {"title": "充数的", "tiezi_label": 2, "content": "充数的", "author": 1, "created_time": "2021-01-27T08:00:12.123Z", "last_altered_time": null}}, {"model": "tiezi.tiezi", "pk": 36, "fields": {"title": "充数的", "tiezi_label": 2, "content": "充数的", "author": 1, "created_time": "2021-01-26T08:00:10.123Z", "last_altered_time": null}}, {"model": "tiezi.tiezi", "pk": 37, "fields": {"title": "充数的", "tiezi_label": 2, "content": "充数的", "author": 1, "created_time": "2021-01-25T08:00:09.123Z", "last_altered_time": null}}, {"model": "tiezi.tiezi", "pk": 38, "fields": {"title": "新标题", "tiezi_label": 1, "content": "<p>出二手笔记本电脑</p>\r\n\r\n<p><strong>需要的私聊我</strong></p>", "author": 1, "created_time": "2021-02-02T10:04:24.667Z", "last_altered_time": "2021-02-02T10:04:24.667Z"}}, {"model": "tiezi.tiezi", "pk": 39, "fields": {"title": "不好笑", "tiezi_label": 2, "content": "<p>去微软去微软去微软去微软去微软去微软去微软去微软去微软去微软去微软去微软去微软去微软</p>\r\n\r\n<p>去微软去微软去微软去微软去微软去微软去微软去微软去微软去微软去微软去微软去微软去微软</p>\r\n\r\n<p>去微软去微软去微软去微软去微软去微软去微软去微软去微软去微软去微软去微软去微软去微软</p>\r\n\r\n<p>去微软去微软去微软去微软去微软去微软去微软去微软去微软去微软去微软去微软去微软去微软</p>\r\n\r\n<p>去微软去微软去微软去微软去微软去微软去微软去微软去微软去微软去微软去微软去微软去微软</p>\r\n\r\n<p>去微软去微软去微软去微软去微软去微软去微软去微软去微软去微软去微软去微软去微软去微软</p>\r\n\r\n<p>去微软去微软去微软去微软去微软去微软去微软去微软去微软去微软去微软去微软去微软去微软</p>", "author": 1, "created_time": "2021-02-02T10:30:12.518Z", "last_altered_time": "2021-02-02T10:30:12.518Z"}}, {"model": "tiezi.tiezi", "pk": 40, "fields": {"title": "cbx的帖子", "tiezi_label": 2, "content": "春秋笔法", "author": 5, "created_time": "2021-02-07T10:30:12.518Z", "last_altered_time": "2021-02-07T10:31:08.124Z"}}, {"model": "read_statistics.readnum", "pk": 1, "fields": {"read_num": 5302, "content_type": 7, "object_id": 1}}, {"model": "read_statistics.readnum", "pk": 2, "fields": {"read_num": 1, "content_type": 7, "object_id": 7}}, {"model": "read_statistics.readnum", "pk": 3, "fields": {"read_num": 1, "content_type": 7, "object_id": 6}}, {"model": "read_statistics.readnum", "pk": 4, "fields": {"read_num": 2, "content_type": 7, "object_id": 31}}, {"model": "read_statistics.readnum", "pk": 5, "fields": {"read_num": 2, "content_type": 7, "object_id": 2}}, {"model": "read_statistics.readnum", "pk": 6, "fields": {"read_num": 1, "content_type": 7, "object_id": 3}}, {"model": "read_statistics.readnum", "pk": 7, "fields": {"read_num": 59, "content_type": 7, "object_id": 4}}, {"model": "read_statistics.readnum", "pk": 8, "fields": {"read_num": 120, "content_type": 7, "object_id": 5}}, {"model": "read_statistics.readnum", "pk": 9, "fields": {"read_num": 180, "content_type": 7, "object_id": 8}}, {"model": "read_statistics.readnum", "pk": 10, "fields": {"read_num": 990, "content_type": 7, "object_id": 9}}, {"model": "read_statistics.readnum", "pk": 11, "fields": {"read_num": 1500, "content_type": 7, "object_id": 10}}, {"model": "read_statistics.readnum", "pk": 12, "fields": {"read_num": 2000, "content_type": 7, "object_id": 11}}, {"model": "read_statistics.readnum", "pk": 13, "fields": {"read_num": 3501, "content_type": 7, "object_id": 12}}, {"model": "read_statistics.readnum", "pk": 14, "fields": {"read_num": 5100, "content_type": 7, "object_id": 13}}, {"model": "read_statistics.readnum", "pk": 15, "fields": {"read_num": 8001, "content_type": 7, "object_id": 14}}, {"model": "read_statistics.readnum", "pk": 16, "fields": {"read_num": 10006, "content_type": 7, "object_id": 15}}, {"model": "read_statistics.readnum", "pk": 17, "fields": {"read_num": 23063, "content_type": 7, "object_id": 16}}, {"model": "read_statistics.readnum", "pk": 18, "fields": {"read_num": 6, "content_type": 7, "object_id": 28}}, {"model": "read_statistics.readnum", "pk": 19, "fields": {"read_num": 2, "content_type": 7, "object_id": 29}}, {"model": "read_statistics.readnum", "pk": 20, "fields": {"read_num": 1, "content_type": 7, "object_id": 30}}, {"model": "read_statistics.readnum", "pk": 21, "fields": {"read_num": 2, "content_type": 7, "object_id": 33}}, {"model": "read_statistics.readnum", "pk": 22, "fields": {"read_num": 2, "content_type": 7, "object_id": 40}}, {"model": "read_statistics.readnum", "pk": 23, "fields": {"read_num": 9, "content_type": 7, "object_id": 39}}, {"model": "read_statistics.readdetail", "pk": 1, "fields": {"date": "2021-01-27", "read_num": 1, "content_type": 7, "object_id": 31}}, {"model": "read_statistics.readdetail", "pk": 2, "fields": {"date": "2021-01-26", "read_num": 1, "content_type": 7, "object_id": 31}}, {"model": "read_statistics.readdetail", "pk": 3, "fields": {"date": "2021-01-27", "read_num": 1, "content_type": 7, "object_id": 2}}, {"model": "read_statistics.readdetail", "pk": 4, "fields": {"date": "2021-01-27", "read_num": 1, "content_type": 7, "object_id": 3}}, {"model": "read_statistics.readdetail", "pk": 5, "fields": {"date": "2021-01-27", "read_num": 5301, "content_type": 7, "object_id": 1}}, {"model": "read_statistics.readdetail", "pk": 6, "fields": {"date": "2021-01-28", "read_num": 1, "content_type": 7, "object_id": 2}}, {"model": "read_statistics.readdetail", "pk": 7, "fields": {"date": "2021-01-28", "read_num": 1, "content_type": 7, "object_id": 6}}, {"model": "read_statistics.readdetail", "pk": 8, "fields": {"date": "2021-01-28", "read_num": 1, "content_type": 7, "object_id": 7}}, {"model": "read_statistics.readdetail", "pk": 9, "fields": {"date": "2021-01-28", "read_num": 59, "content_type": 7, "object_id": 4}}, {"model": "read_statistics.readdetail", "pk": 10, "fields": {"date": "2021-01-28", "read_num": 120, "content_type": 7, "object_id": 5}}, {"model": "read_statistics.readdetail", "pk": 11, "fields": {"date": "2021-01-28", "read_num": 180, "content_type": 7, "object_id": 8}}, {"model": "read_statistics.readdetail", "pk": 12, "fields": {"date": "2021-01-28", "read_num": 990, "content_type": 7, "object_id": 9}}, {"model": "read_statistics.readdetail", "pk": 13, "fields": {"date": "2021-01-28", "read_num": 1500, "content_type": 7, "object_id": 10}}, {"model": "read_statistics.readdetail", "pk": 14, "fields": {"date": "2021-01-28", "read_num": 2000, "content_type": 7, "object_id": 11}}, {"model": "read_statistics.readdetail", "pk": 15, "fields": {"date": "2021-01-28", "read_num": 3500, "content_type": 7, "object_id": 12}}, {"model": "read_statistics.readdetail", "pk": 16, "fields": {"date": "2021-01-28", "read_num": 5100, "content_type": 7, "object_id": 13}}, {"model": "read_statistics.readdetail", "pk": 17, "fields": {"date": "2021-01-28", "read_num": 8000, "content_type": 7, "object_id": 14}}, {"model": "read_statistics.readdetail", "pk": 18, "fields": {"date": "2021-01-28", "read_num": 10005, "content_type": 7, "object_id": 15}}, {"model": "read_statistics.readdetail", "pk": 19, "fields": {"date": "2021-01-28", "read_num": 23055, "content_type": 7, "object_id": 16}}, {"model": "read_statistics.readdetail", "pk": 21, "fields": {"date": "2021-01-30", "read_num": 1, "content_type": 7, "object_id": 16}}, {"model": "read_statistics.readdetail", "pk": 22, "fields": {"date": "2021-01-31", "read_num": 1, "content_type": 7, "object_id": 16}}, {"model": "read_statistics.readdetail", "pk": 26, "fields": {"date": "2021-02-01", "read_num": 1, "content_type": 7, "object_id": 15}}, {"model": "read_statistics.readdetail", "pk": 27, "fields": {"date": "2021-02-01", "read_num": 1, "content_type": 7, "object_id": 14}}, {"model": "read_statistics.readdetail", "pk": 28, "fields": {"date": "2021-02-01", "read_num": 1, "content_type": 7, "object_id": 30}}, {"model": "read_statistics.readdetail", "pk": 29, "fields": {"date": "2021-02-01", "read_num": 2, "content_type": 7, "object_id": 33}}, {"model": "read_statistics.readdetail", "pk": 30, "fields": {"date": "2021-02-01", "read_num": 1, "content_type": 7, "object_id": 12}}, {"model": "read_statistics.readdetail", "pk": 31, "fields": {"date": "2021-02-02", "read_num": 1, "content_type": 7, "object_id": 1}}, {"model": "read_statistics.readdetail", "pk": 32, "fields": {"date": "2021-02-02", "read_num": 1, "content_type": 7, "object_id": 16}}, {"model": "read_statistics.readdetail", "pk": 33, "fields": {"date": "2021-02-03", "read_num": 4, "content_type": 7, "object_id": 16}}, {"model": "read_statistics.readdetail", "pk": 34, "fields": {"date": "2021-02-07", "read_num": 2, "content_type": 7, "object_id": 40}}, {"model": "read_statistics.readdetail", "pk": 35, "fields": {"date": "2021-02-07", "read_num": 1, "content_type": 7, "object_id": 16}}, {"model": "read_statistics.readdetail", "pk": 36, "fields": {"date": "2021-02-08", "read_num": 9, "content_type": 7, "object_id": 39}}, {"model": "comment.comment", "pk": 1, "fields": {"content_type": 7, "object_id": 16, "text": "123", "comment_time": "2021-01-30T15:14:04.040Z", "user": 1, "children": null, "parent": null, "reply_to": null}}, {"model": "comment.comment", "pk": 2, "fields": {"content_type": 7, "object_id": 16, "text": "<div align=\"center\"><p><b>1123qwer按时到场/*-+</b></p><p align=\"left\"><i>123qwe那么+/*</i><b><br></b></p><p align=\"right\"><strike><u>zxcasdqwe</u></strike><b><br></b></p><p align=\"center\"><b><br></b></p></div>", "comment_time": "2021-01-30T15:15:15.955Z", "user": 1, "children": null, "parent": null, "reply_to": null}}, {"model": "comment.comment", "pk": 3, "fields": {"content_type": 7, "object_id": 16, "text": "<img src=\"http://127.0.0.1:8000/static/layui/images/face/50.gif\" alt=\"[熊猫]\">", "comment_time": "2021-01-30T15:16:27.349Z", "user": 1, "children": null, "parent": null, "reply_to": null}}, {"model": "comment.comment", "pk": 4, "fields": {"content_type": 7, "object_id": 16, "text": "<a target=\"_blank\" href=\"http://jwc.uibe.edu.cn\">http://jwc.uibe.edu.cn</a>", "comment_time": "2021-01-30T15:16:49.847Z", "user": 1, "children": null, "parent": null, "reply_to": null}}, {"model": "comment.comment", "pk": 5, "fields": {"content_type": 7, "object_id": 16, "text": "zscq", "comment_time": "2021-01-30T15:44:15.098Z", "user": 1, "children": null, "parent": null, "reply_to": null}}, {"model": "comment.comment", "pk": 6, "fields": {"content_type": 7, "object_id": 28, "text": "<p>123</p>", "comment_time": "2021-02-01T08:39:57.992Z", "user": 1, "children": null, "parent": null, "reply_to": null}}, {"model": "comment.comment", "pk": 7, "fields": {"content_type": 7, "object_id": 28, "text": "<p><img alt=\"laugh\" src=\"http://127.0.0.1:8000/static/ckeditor/ckeditor/plugins/smiley/images/teeth_smile.png\" style=\"height:23px; width:23px\" title=\"laugh\" />123</p>", "comment_time": "2021-02-01T08:49:43.447Z", "user": 1, "children": null, "parent": null, "reply_to": null}}, {"model": "comment.comment", "pk": 8, "fields": {"content_type": 7, "object_id": 28, "text": "<p>789</p>", "comment_time": "2021-02-01T09:54:44.312Z", "user": 1, "children": null, "parent": null, "reply_to": null}}, {"model": "comment.comment", "pk": 9, "fields": {"content_type": 7, "object_id": 28, "text": "<p>789</p>", "comment_time": "2021-02-01T09:54:53.272Z", "user": 1, "children": null, "parent": null, "reply_to": null}}, {"model": "comment.comment", "pk": 10, "fields": {"content_type": 7, "object_id": 28, "text": "<p>159</p>", "comment_time": "2021-02-01T09:57:27.768Z", "user": 1, "children": null, "parent": null, "reply_to": null}}, {"model": "comment.comment", "pk": 11, "fields": {"content_type": 7, "object_id": 28, "text": "<p>456<img alt=\"sad\" src=\"http://127.0.0.1:8000/static/ckeditor/ckeditor/plugins/smiley/images/sad_smile.png\" style=\"height:23px; width:23px\" title=\"sad\" /></p>", "comment_time": "2021-02-01T10:03:02.463Z", "user": 1, "children": null, "parent": null, "reply_to": null}}, {"model": "comment.comment", "pk": 12, "fields": {"content_type": 7, "object_id": 28, "text": "<p>我是傻逼</p>", "comment_time": "2021-02-01T10:06:07.098Z", "user": 1, "children": null, "parent": null, "reply_to": null}}, {"model": "comment.comment", "pk": 13, "fields": {"content_type": 7, "object_id": 29, "text": "<p>123</p>", "comment_time": "2021-02-01T12:02:31.798Z", "user": 1, "children": null, "parent": null, "reply_to": null}}, {"model": "comment.comment", "pk": 14, "fields": {"content_type": 7, "object_id": 29, "text": "<p>456</p>", "comment_time": "2021-02-01T12:03:00.777Z", "user": 1, "children": null, "parent": null, "reply_to": null}}, {"model": "comment.comment", "pk": 15, "fields": {"content_type": 7, "object_id": 29, "text": "<p>789</p>", "comment_time": "2021-02-01T12:06:46.116Z", "user": 1, "children": null, "parent": null, "reply_to": null}}, {"model": "comment.comment", "pk": 16, "fields": {"content_type": 7, "object_id": 29, "text": "<p>159</p>", "comment_time": "2021-02-01T12:08:06.481Z", "user": 1, "children": null, "parent": null, "reply_to": null}}, {"model": "comment.comment", "pk": 17, "fields": {"content_type": 7, "object_id": 29, "text": "<p><img alt=\"sad\" src=\"http://127.0.0.1:8000/static/ckeditor/ckeditor/plugins/smiley/images/sad_smile.png\" style=\"height:23px; width:23px\" title=\"sad\" />123</p>", "comment_time": "2021-02-01T12:28:53.627Z", "user": 1, "children": null, "parent": null, "reply_to": null}}, {"model": "comment.comment", "pk": 18, "fields": {"content_type": 7, "object_id": 15, "text": "<p>123</p>", "comment_time": "2021-02-01T12:41:02.075Z", "user": 1, "children": null, "parent": null, "reply_to": null}}, {"model": "comment.comment", "pk": 19, "fields": {"content_type": 7, "object_id": 14, "text": "<p>123</p>", "comment_time": "2021-02-01T12:42:40.650Z", "user": 1, "children": null, "parent": null, "reply_to": null}}, {"model": "comment.comment", "pk": 20, "fields": {"content_type": 7, "object_id": 30, "text": "<p>123</p>", "comment_time": "2021-02-01T12:43:46.186Z", "user": 1, "children": null, "parent": null, "reply_to": null}}, {"model": "comment.comment", "pk": 21, "fields": {"content_type": 7, "object_id": 30, "text": "<p><img alt=\"sad\" src=\"http://127.0.0.1:8000/static/ckeditor/ckeditor/plugins/smiley/images/sad_smile.png\" style=\"height:23px; width:23px\" title=\"sad\" /></p>", "comment_time": "2021-02-01T12:43:52.501Z", "user": 1, "children": null, "parent": null, "reply_to": null}}, {"model": "comment.comment", "pk": 22, "fields": {"content_type": 7, "object_id": 30, "text": "<p><img alt=\"\" src=\"http://jwc.uibe.edu.cn/images/banner_new.jpg\" style=\"height:89px; width:500px\" /></p>", "comment_time": "2021-02-01T12:44:18.822Z", "user": 1, "children": null, "parent": null, "reply_to": null}}, {"model": "comment.comment", "pk": 23, "fields": {"content_type": 7, "object_id": 33, "text": "<p>我是傻逼<img alt=\"smiley\" src=\"http://127.0.0.1:8000/static/ckeditor/ckeditor/plugins/smiley/images/regular_smile.png\" style=\"height:23px; width:23px\" title=\"smiley\" /></p>", "comment_time": "2021-02-01T12:50:49.637Z", "user": 1, "children": null, "parent": null, "reply_to": null}}, {"model": "comment.comment", "pk": 24, "fields": {"content_type": 7, "object_id": 33, "text": "<p>我是傻逼<img alt=\"smiley\" src=\"http://127.0.0.1:8000/static/ckeditor/ckeditor/plugins/smiley/images/regular_smile.png\" style=\"height:23px; width:23px\" title=\"smiley\" /></p>", "comment_time": "2021-02-01T12:50:57.709Z", "user": 1, "children": null, "parent": null, "reply_to": null}}, {"model": "comment.comment", "pk": 25, "fields": {"content_type": 7, "object_id": 12, "text": "<p>我是傻逼</p>", "comment_time": "2021-02-01T12:53:08.332Z", "user": 1, "children": null, "parent": null, "reply_to": null}}, {"model": "comment.comment", "pk": 26, "fields": {"content_type": 7, "object_id": 16, "text": "me too", "comment_time": "2021-02-01T17:50:06.697Z", "user": 5, "children": 5, "parent": 5, "reply_to": 1}}, {"model": "comment.comment", "pk": 27, "fields": {"content_type": 7, "object_id": 16, "text": "我也是", "comment_time": "2021-02-02T06:31:10.570Z", "user": 5, "children": 5, "parent": 5, "reply_to": 1}}, {"model": "comment.comment", "pk": 28, "fields": {"content_type": 7, "object_id": 16, "text": "<p>1234</p>", "comment_time": "2021-02-02T07:54:07.983Z", "user": 1, "children": 3, "parent": 3, "reply_to": 1}}, {"model": "comment.comment", "pk": 29, "fields": {"content_type": 7, "object_id": 16, "text": "<p>2345</p>", "comment_time": "2021-02-02T07:54:23.763Z", "user": 1, "children": 3, "parent": 3, "reply_to": 1}}, {"model": "comment.comment", "pk": 30, "fields": {"content_type": 7, "object_id": 16, "text": "<p>789456123</p>", "comment_time": "2021-02-02T08:21:58.522Z", "user": 1, "children": 4, "parent": 4, "reply_to": 1}}, {"model": "comment.comment", "pk": 31, "fields": {"content_type": 7, "object_id": 16, "text": "<p>zhenbucuo</p>", "comment_time": "2021-02-02T08:30:36.179Z", "user": 1, "children": 1, "parent": 1, "reply_to": 1}}, {"model": "comment.comment", "pk": 32, "fields": {"content_type": 7, "object_id": 16, "text": "<p>dierci</p>", "comment_time": "2021-02-02T08:31:27.818Z", "user": 1, "children": 1, "parent": 1, "reply_to": 1}}, {"model": "comment.comment", "pk": 33, "fields": {"content_type": 7, "object_id": 28, "text": "<p>我认同</p>", "comment_time": "2021-02-02T11:45:49.296Z", "user": 1, "children": 12, "parent": 12, "reply_to": 1}}, {"model": "comment.comment", "pk": 34, "fields": {"content_type": 7, "object_id": 16, "text": "<p>可以点赞了吗<img alt=\"sad\" src=\"http://127.0.0.1:8000/static/ckeditor/ckeditor/plugins/smiley/images/sad_smile.png\" style=\"height:23px; width:23px\" title=\"sad\" /></p>", "comment_time": "2021-02-02T18:37:13.406Z", "user": 1, "children": null, "parent": null, "reply_to": null}}, {"model": "comment.comment", "pk": 35, "fields": {"content_type": 7, "object_id": 16, "text": "<p>点锤子赞<img alt=\"angry\" src=\"http://127.0.0.1:8000/static/ckeditor/ckeditor/plugins/smiley/images/angry_smile.png\" style=\"height:23px; width:23px\" title=\"angry\" /></p>", "comment_time": "2021-02-02T18:46:50.777Z", "user": 1, "children": 34, "parent": 34, "reply_to": 1}}, {"model": "comment.comment", "pk": 36, "fields": {"content_type": 7, "object_id": 16, "text": "<p>就是</p>", "comment_time": "2021-02-03T03:38:20.414Z", "user": 1, "children": 3, "parent": 28, "reply_to": 1}}, {"model": "comment.comment", "pk": 37, "fields": {"content_type": 7, "object_id": 16, "text": "<p>我真的服了</p>", "comment_time": "2021-02-06T12:57:19.400Z", "user": 1, "children": null, "parent": null, "reply_to": null}}, {"model": "comment.comment", "pk": 38, "fields": {"content_type": 7, "object_id": 16, "text": "<p>我真的服了*2</p>", "comment_time": "2021-02-06T12:57:41.617Z", "user": 1, "children": 37, "parent": 37, "reply_to": 1}}, {"model": "comment.comment", "pk": 40, "fields": {"content_type": 7, "object_id": 16, "text": "<p>我觉得不行</p>", "comment_time": "2021-02-08T08:04:08.922Z", "user": 1, "children": null, "parent": null, "reply_to": null}}, {"model": "comment.comment", "pk": 41, "fields": {"content_type": 7, "object_id": 16, "text": "<p>我觉得可以</p>", "comment_time": "2021-02-08T08:11:39.971Z", "user": 1, "children": 40, "parent": 40, "reply_to": 1}}, {"model": "comment.comment", "pk": 42, "fields": {"content_type": 7, "object_id": 16, "text": "<p>我也觉得可以</p>", "comment_time": "2021-02-08T08:15:43.366Z", "user": 1, "children": 40, "parent": 41, "reply_to": 1}}, {"model": "comment.comment", "pk": 43, "fields": {"content_type": 7, "object_id": 16, "text": "<p>你觉得个锤子</p>", "comment_time": "2021-02-08T08:17:41.232Z", "user": 1, "children": 40, "parent": 41, "reply_to": 1}}, {"model": "comment.comment", "pk": 44, "fields": {"content_type": 7, "object_id": 16, "text": "<p>我真的服了*3</p>", "comment_time": "2021-02-08T08:20:23.428Z", "user": 1, "children": 37, "parent": 38, "reply_to": 1}}, {"model": "feedback.likecount", "pk": 1, "fields": {"content_type": 7, "object_id": 16, "liked_num": 0}}, {"model": "feedback.likecount", "pk": 2, "fields": {"content_type": 7, "object_id": 28, "liked_num": 1}}, {"model": "feedback.likecount", "pk": 3, "fields": {"content_type": 7, "object_id": 15, "liked_num": 1}}, {"model": "feedback.likecount", "pk": 4, "fields": {"content_type": 7, "object_id": 1, "liked_num": 1}}, {"model": "feedback.likecount", "pk": 5, "fields": {"content_type": 12, "object_id": 5, "liked_num": 0}}, {"model": "feedback.likecount", "pk": 6, "fields": {"content_type": 12, "object_id": 4, "liked_num": 0}}, {"model": "feedback.likecount", "pk": 7, "fields": {"content_type": 12, "object_id": 3, "liked_num": 0}}, {"model": "feedback.likecount", "pk": 8, "fields": {"content_type": 12, "object_id": 2, "liked_num": 0}}, {"model": "feedback.likecount", "pk": 9, "fields": {"content_type": 12, "object_id": 1, "liked_num": 0}}, {"model": "feedback.likecount", "pk": 10, "fields": {"content_type": 12, "object_id": 27, "liked_num": 0}}, {"model": "feedback.likecount", "pk": 11, "fields": {"content_type": 12, "object_id": 26, "liked_num": 0}}, {"model": "feedback.likecount", "pk": 12, "fields": {"content_type": 12, "object_id": 30, "liked_num": 0}}, {"model": "feedback.likecount", "pk": 13, "fields": {"content_type": 12, "object_id": 29, "liked_num": 0}}, {"model": "feedback.likecount", "pk": 14, "fields": {"content_type": 12, "object_id": 28, "liked_num": 0}}, {"model": "feedback.likecount", "pk": 15, "fields": {"content_type": 12, "object_id": 32, "liked_num": 0}}, {"model": "feedback.likecount", "pk": 16, "fields": {"content_type": 12, "object_id": 31, "liked_num": 0}}, {"model": "feedback.likecount", "pk": 17, "fields": {"content_type": 12, "object_id": 34, "liked_num": 0}}, {"model": "feedback.likecount", "pk": 18, "fields": {"content_type": 12, "object_id": 35, "liked_num": 0}}, {"model": "feedback.likecount", "pk": 19, "fields": {"content_type": 12, "object_id": 36, "liked_num": 0}}, {"model": "feedback.likecount", "pk": 20, "fields": {"content_type": 12, "object_id": 12, "liked_num": 0}}, {"model": "feedback.likecount", "pk": 21, "fields": {"content_type": 12, "object_id": 33, "liked_num": 0}}, {"model": "feedback.likecount", "pk": 22, "fields": {"content_type": 12, "object_id": 11, "liked_num": 0}}, {"model": "feedback.likecount", "pk": 23, "fields": {"content_type": 12, "object_id": 10, "liked_num": 0}}, {"model": "feedback.likecount", "pk": 24, "fields": {"content_type": 12, "object_id": 9, "liked_num": 0}}, {"model": "feedback.likecount", "pk": 25, "fields": {"content_type": 12, "object_id": 8, "liked_num": 0}}, {"model": "feedback.likecount", "pk": 26, "fields": {"content_type": 12, "object_id": 7, "liked_num": 0}}, {"model": "feedback.likecount", "pk": 27, "fields": {"content_type": 12, "object_id": 6, "liked_num": 0}}, {"model": "feedback.likecount", "pk": 28, "fields": {"content_type": 7, "object_id": 12, "liked_num": 0}}, {"model": "feedback.likecount", "pk": 29, "fields": {"content_type": 12, "object_id": 25, "liked_num": 0}}, {"model": "feedback.likecount", "pk": 30, "fields": {"content_type": 12, "object_id": 37, "liked_num": 0}}, {"model": "feedback.likecount", "pk": 31, "fields": {"content_type": 12, "object_id": 38, "liked_num": 0}}, {"model": "feedback.likecount", "pk": 32, "fields": {"content_type": 7, "object_id": 40, "liked_num": 0}}, {"model": "feedback.likecount", "pk": 33, "fields": {"content_type": 7, "object_id": 29, "liked_num": 0}}, {"model": "feedback.likecount", "pk": 34, "fields": {"content_type": 7, "object_id": 39, "liked_num": 0}}, {"model": "feedback.likecount", "pk": 35, "fields": {"content_type": 7, "object_id": 38, "liked_num": 0}}, {"model": "feedback.likecount", "pk": 36, "fields": {"content_type": 7, "object_id": 30, "liked_num": 0}}, {"model": "feedback.likecount", "pk": 37, "fields": {"content_type": 7, "object_id": 31, "liked_num": 0}}, {"model": "feedback.likecount", "pk": 38, "fields": {"content_type": 7, "object_id": 33, "liked_num": 0}}, {"model": "feedback.likecount", "pk": 39, "fields": {"content_type": 7, "object_id": 34, "liked_num": 0}}, {"model": "feedback.likecount", "pk": 40, "fields": {"content_type": 7, "object_id": 35, "liked_num": 0}}, {"model": "feedback.likecount", "pk": 41, "fields": {"content_type": 7, "object_id": 36, "liked_num": 0}}, {"model": "feedback.likecount", "pk": 42, "fields": {"content_type": 7, "object_id": 37, "liked_num": 0}}, {"model": "feedback.likecount", "pk": 43, "fields": {"content_type": 7, "object_id": 32, "liked_num": 0}}, {"model": "feedback.likecount", "pk": 44, "fields": {"content_type": 7, "object_id": 14, "liked_num": 0}}, {"model": "feedback.likecount", "pk": 45, "fields": {"content_type": 7, "object_id": 13, "liked_num": 0}}, {"model": "feedback.likecount", "pk": 46, "fields": {"content_type": 7, "object_id": 11, "liked_num": 0}}, {"model": "feedback.likecount", "pk": 47, "fields": {"content_type": 7, "object_id": 10, "liked_num": 0}}, {"model": "feedback.likecount", "pk": 48, "fields": {"content_type": 7, "object_id": 9, "liked_num": 0}}, {"model": "feedback.likecount", "pk": 49, "fields": {"content_type": 7, "object_id": 17, "liked_num": 0}}, {"model": "feedback.likecount", "pk": 50, "fields": {"content_type": 7, "object_id": 18, "liked_num": 0}}, {"model": "feedback.likecount", "pk": 51, "fields": {"content_type": 7, "object_id": 19, "liked_num": 0}}, {"model": "feedback.likecount", "pk": 52, "fields": {"content_type": 7, "object_id": 20, "liked_num": 0}}, {"model": "feedback.likecount", "pk": 53, "fields": {"content_type": 7, "object_id": 21, "liked_num": 0}}, {"model": "feedback.likecount", "pk": 54, "fields": {"content_type": 7, "object_id": 22, "liked_num": 0}}, {"model": "feedback.likecount", "pk": 55, "fields": {"content_type": 7, "object_id": 23, "liked_num": 0}}, {"model": "feedback.likecount", "pk": 56, "fields": {"content_type": 7, "object_id": 24, "liked_num": 0}}, {"model": "feedback.likecount", "pk": 57, "fields": {"content_type": 7, "object_id": 25, "liked_num": 0}}, {"model": "feedback.likecount", "pk": 58, "fields": {"content_type": 7, "object_id": 26, "liked_num": 0}}, {"model": "feedback.likecount", "pk": 59, "fields": {"content_type": 7, "object_id": 27, "liked_num": 0}}, {"model": "feedback.likecount", "pk": 60, "fields": {"content_type": 7, "object_id": 8, "liked_num": 0}}, {"model": "feedback.likecount", "pk": 61, "fields": {"content_type": 7, "object_id": 7, "liked_num": 0}}, {"model": "feedback.likecount", "pk": 62, "fields": {"content_type": 7, "object_id": 6, "liked_num": 0}}, {"model": "feedback.likecount", "pk": 63, "fields": {"content_type": 7, "object_id": 5, "liked_num": 0}}, {"model": "feedback.likecount", "pk": 64, "fields": {"content_type": 7, "object_id": 4, "liked_num": 0}}, {"model": "feedback.likecount", "pk": 65, "fields": {"content_type": 7, "object_id": 3, "liked_num": 0}}, {"model": "feedback.likecount", "pk": 66, "fields": {"content_type": 7, "object_id": 2, "liked_num": 0}}, {"model": "feedback.likecount", "pk": 67, "fields": {"content_type": 12, "object_id": 24, "liked_num": 0}}, {"model": "feedback.likecount", "pk": 68, "fields": {"content_type": 12, "object_id": 23, "liked_num": 0}}, {"model": "feedback.likecount", "pk": 69, "fields": {"content_type": 12, "object_id": 22, "liked_num": 0}}, {"model": "feedback.likecount", "pk": 70, "fields": {"content_type": 12, "object_id": 21, "liked_num": 0}}, {"model": "feedback.likecount", "pk": 71, "fields": {"content_type": 12, "object_id": 20, "liked_num": 0}}, {"model": "feedback.likecount", "pk": 72, "fields": {"content_type": 12, "object_id": 19, "liked_num": 0}}, {"model": "feedback.likecount", "pk": 73, "fields": {"content_type": 12, "object_id": 18, "liked_num": 0}}, {"model": "feedback.likecount", "pk": 74, "fields": {"content_type": 12, "object_id": 17, "liked_num": 0}}, {"model": "feedback.likecount", "pk": 75, "fields": {"content_type": 12, "object_id": 16, "liked_num": 0}}, {"model": "feedback.likecount", "pk": 76, "fields": {"content_type": 12, "object_id": 15, "liked_num": 0}}, {"model": "feedback.likecount", "pk": 77, "fields": {"content_type": 12, "object_id": 14, "liked_num": 0}}, {"model": "feedback.likecount", "pk": 78, "fields": {"content_type": 12, "object_id": 13, "liked_num": 0}}, {"model": "feedback.likecount", "pk": 79, "fields": {"content_type": 12, "object_id": 39, "liked_num": 0}}, {"model": "feedback.likecount", "pk": 80, "fields": {"content_type": 19, "object_id": 2, "liked_num": 0}}, {"model": "feedback.likecount", "pk": 81, "fields": {"content_type": 12, "object_id": 40, "liked_num": 0}}, {"model": "feedback.likecount", "pk": 82, "fields": {"content_type": 12, "object_id": 41, "liked_num": 0}}, {"model": "feedback.likecount", "pk": 83, "fields": {"content_type": 12, "object_id": 42, "liked_num": 0}}, {"model": "feedback.likecount", "pk": 84, "fields": {"content_type": 12, "object_id": 43, "liked_num": 0}}, {"model": "feedback.likecount", "pk": 85, "fields": {"content_type": 12, "object_id": 44, "liked_num": 0}}, {"model": "feedback.likerecord", "pk": 2, "fields": {"content_type": 7, "object_id": 28, "user": 1, "liked_time": "2021-02-02T16:48:56.508Z"}}, {"model": "feedback.likerecord", "pk": 3, "fields": {"content_type": 7, "object_id": 15, "user": 1, "liked_time": "2021-02-02T16:49:57.892Z"}}, {"model": "feedback.likerecord", "pk": 4, "fields": {"content_type": 7, "object_id": 1, "user": 1, "liked_time": "2021-02-02T17:05:33.249Z"}}, {"model": "feedback.dislikecount", "pk": 1, "fields": {"content_type": 7, "object_id": 16, "disliked_num": 0}}, {"model": "feedback.dislikecount", "pk": 2, "fields": {"content_type": 7, "object_id": 28, "disliked_num": 0}}, {"model": "feedback.dislikecount", "pk": 3, "fields": {"content_type": 7, "object_id": 12, "disliked_num": 0}}, {"model": "feedback.dislikecount", "pk": 4, "fields": {"content_type": 7, "object_id": 40, "disliked_num": 0}}, {"model": "feedback.dislikecount", "pk": 5, "fields": {"content_type": 7, "object_id": 29, "disliked_num": 0}}, {"model": "feedback.dislikecount", "pk": 6, "fields": {"content_type": 7, "object_id": 39, "disliked_num": 0}}, {"model": "feedback.dislikecount", "pk": 7, "fields": {"content_type": 7, "object_id": 38, "disliked_num": 0}}, {"model": "feedback.dislikecount", "pk": 8, "fields": {"content_type": 7, "object_id": 30, "disliked_num": 0}}, {"model": "feedback.dislikecount", "pk": 9, "fields": {"content_type": 7, "object_id": 31, "disliked_num": 0}}, {"model": "feedback.dislikecount", "pk": 10, "fields": {"content_type": 7, "object_id": 33, "disliked_num": 0}}, {"model": "feedback.dislikecount", "pk": 11, "fields": {"content_type": 7, "object_id": 34, "disliked_num": 0}}, {"model": "feedback.dislikecount", "pk": 12, "fields": {"content_type": 7, "object_id": 35, "disliked_num": 0}}, {"model": "feedback.dislikecount", "pk": 13, "fields": {"content_type": 7, "object_id": 36, "disliked_num": 0}}, {"model": "feedback.dislikecount", "pk": 14, "fields": {"content_type": 7, "object_id": 37, "disliked_num": 0}}, {"model": "feedback.dislikecount", "pk": 15, "fields": {"content_type": 7, "object_id": 32, "disliked_num": 0}}, {"model": "feedback.dislikecount", "pk": 16, "fields": {"content_type": 7, "object_id": 15, "disliked_num": 0}}, {"model": "feedback.dislikecount", "pk": 17, "fields": {"content_type": 7, "object_id": 14, "disliked_num": 0}}, {"model": "feedback.dislikecount", "pk": 18, "fields": {"content_type": 7, "object_id": 13, "disliked_num": 0}}, {"model": "feedback.dislikecount", "pk": 19, "fields": {"content_type": 7, "object_id": 11, "disliked_num": 0}}, {"model": "feedback.dislikecount", "pk": 20, "fields": {"content_type": 7, "object_id": 10, "disliked_num": 0}}, {"model": "feedback.dislikecount", "pk": 21, "fields": {"content_type": 7, "object_id": 9, "disliked_num": 0}}, {"model": "feedback.dislikecount", "pk": 22, "fields": {"content_type": 7, "object_id": 17, "disliked_num": 0}}, {"model": "feedback.dislikecount", "pk": 23, "fields": {"content_type": 7, "object_id": 18, "disliked_num": 0}}, {"model": "feedback.dislikecount", "pk": 24, "fields": {"content_type": 7, "object_id": 19, "disliked_num": 0}}, {"model": "feedback.dislikecount", "pk": 25, "fields": {"content_type": 7, "object_id": 20, "disliked_num": 0}}, {"model": "feedback.dislikecount", "pk": 26, "fields": {"content_type": 7, "object_id": 21, "disliked_num": 0}}, {"model": "feedback.dislikecount", "pk": 27, "fields": {"content_type": 7, "object_id": 22, "disliked_num": 0}}, {"model": "feedback.dislikecount", "pk": 28, "fields": {"content_type": 7, "object_id": 23, "disliked_num": 0}}, {"model": "feedback.dislikecount", "pk": 29, "fields": {"content_type": 7, "object_id": 24, "disliked_num": 0}}, {"model": "feedback.dislikecount", "pk": 30, "fields": {"content_type": 7, "object_id": 25, "disliked_num": 0}}, {"model": "feedback.dislikecount", "pk": 31, "fields": {"content_type": 7, "object_id": 26, "disliked_num": 0}}, {"model": "feedback.dislikecount", "pk": 32, "fields": {"content_type": 7, "object_id": 27, "disliked_num": 0}}, {"model": "feedback.dislikecount", "pk": 33, "fields": {"content_type": 7, "object_id": 8, "disliked_num": 0}}, {"model": "feedback.dislikecount", "pk": 34, "fields": {"content_type": 7, "object_id": 7, "disliked_num": 0}}, {"model": "feedback.dislikecount", "pk": 35, "fields": {"content_type": 7, "object_id": 6, "disliked_num": 0}}, {"model": "feedback.dislikecount", "pk": 36, "fields": {"content_type": 7, "object_id": 5, "disliked_num": 0}}, {"model": "feedback.dislikecount", "pk": 37, "fields": {"content_type": 7, "object_id": 4, "disliked_num": 0}}, {"model": "feedback.dislikecount", "pk": 38, "fields": {"content_type": 7, "object_id": 3, "disliked_num": 0}}, {"model": "feedback.dislikecount", "pk": 39, "fields": {"content_type": 7, "object_id": 2, "disliked_num": 0}}, {"model": "feedback.dislikecount", "pk": 40, "fields": {"content_type": 7, "object_id": 1, "disliked_num": 0}}, {"model": "feedback.dislikecount", "pk": 41, "fields": {"content_type": 19, "object_id": 2, "disliked_num": 0}}, {"model": "user.custom_user", "pk": 1, "fields": {"user": 1, "nickname": "dwjm", "is_UIBEr": true}}, {"model": "user.custom_user", "pk": 6, "fields": {"user": 15, "nickname": "", "is_UIBEr": false}}, {"model": "user.custom_user", "pk": 7, "fields": {"user": 16, "nickname": "", "is_UIBEr": false}}, {"model": "user.custom_user", "pk": 8, "fields": {"user": 17, "nickname": "", "is_UIBEr": false}}]